Workbook

Sheet Ученики
A1: Список учеников — поездка в Астану (университеты), 27–28 октября 2026
A2: Жёлтые ячейки заполняются, серые считаются сами. Стоимость поездки задаётся на листе «Сводка».
A4: № | B4: Фамилия | C4: Имя | D4: Отчество | E4: Класс | F4: Дата рождения | G4: Возраст на дату выезда | H4: ИИН | I4: Согласие родителей | J4: Мед. справка | K4: Оплачено, тг | L4: Остаток, тг | M4: Статус оплаты | N4: Готов к поездке | O4: Примечание
A5: =IF(B5="","",ROW()-4) | G5: =IF(F5="","",DATEDIF(F5,Сводка!$C$5,"Y")) | L5: =IF(OR(B5="",Сводка!$C$4=""),"",Сводка!$C$4-K5) | M5: =IF(OR(B5="",Сводка!$C$4=""),"",IF(K5>=Сводка!$C$4,"Оплачено",IF(K5>0,"Частично","Не оплачено"))) | N5: =IF(B5="","",IF(AND(LEN(H5)=12,I5="Да",J5="Да",M5="Оплачено"),"Да","Нет"))
A6: =IF(B6="","",ROW()-4) | G6: =IF(F6="","",DATEDIF(F6,Сводка!$C$5,"Y")) | L6: =IF(OR(B6="",Сводка!$C$4=""),"",Сводка!$C$4-K6) | M6: =IF(OR(B6="",Сводка!$C$4=""),"",IF(K6>=Сводка!$C$4,"Оплачено",IF(K6>0,"Частично","Не оплачено"))) | N6: =IF(B6="","",IF(AND(LEN(H6)=12,I6="Да",J6="Да",M6="Оплачено"),"Да","Нет"))
A7: =IF(B7="","",ROW()-4) | G7: =IF(F7="","",DATEDIF(F7,Сводка!$C$5,"Y")) | L7: =IF(OR(B7="",Сводка!$C$4=""),"",Сводка!$C$4-K7) | M7: =IF(OR(B7="",Сводка!$C$4=""),"",IF(K7>=Сводка!$C$4,"Оплачено",IF(K7>0,"Частично","Не оплачено"))) | N7: =IF(B7="","",IF(AND(LEN(H7)=12,I7="Да",J7="Да",M7="Оплачено"),"Да","Нет"))
A8: =IF(B8="","",ROW()-4) | G8: =IF(F8="","",DATEDIF(F8,Сводка!$C$5,"Y")) | L8: =IF(OR(B8="",Сводка!$C$4=""),"",Сводка!$C$4-K8) | M8: =IF(OR(B8="",Сводка!$C$4=""),"",IF(K8>=Сводка!$C$4,"Оплачено",IF(K8>0,"Частично","Не оплачено"))) | N8: =IF(B8="","",IF(AND(LEN(H8)=12,I8="Да",J8="Да",M8="Оплачено"),"Да","Нет"))
A9: =IF(B9="","",ROW()-4) | G9: =IF(F9="","",DATEDIF(F9,Сводка!$C$5,"Y")) | L9: =IF(OR(B9="",Сводка!$C$4=""),"",Сводка!$C$4-K9) | M9: =IF(OR(B9="",Сводка!$C$4=""),"",IF(K9>=Сводка!$C$4,"Оплачено",IF(K9>0,"Частично","Не оплачено"))) | N9: =IF(B9="","",IF(AND(LEN(H9)=12,I9="Да",J9="Да",M9="Оплачено"),"Да","Нет"))
A10: =IF(B10="","",ROW()-4) | G10: =IF(F10="","",DATEDIF(F10,Сводка!$C$5,"Y")) | L10: =IF(OR(B10="",Сводка!$C$4=""),"",Сводка!$C$4-K10) | M10: =IF(OR(B10="",Сводка!$C$4=""),"",IF(K10>=Сводка!$C$4,"Оплачено",IF(K10>0,"Частично","Не оплачено"))) | N10: =IF(B10="","",IF(AND(LEN(H10)=12,I10="Да",J10="Да",M10="Оплачено"),"Да","Нет"))
A11: =IF(B11="","",ROW()-4) | G11: =IF(F11="","",DATEDIF(F11,Сводка!$C$5,"Y")) | L11: =IF(OR(B11="",Сводка!$C$4=""),"",Сводка!$C$4-K11) | M11: =IF(OR(B11="",Сводка!$C$4=""),"",IF(K11>=Сводка!$C$4,"Оплачено",IF(K11>0,"Частично","Не оплачено"))) | N11: =IF(B11="","",IF(AND(LEN(H11)=12,I11="Да",J11="Да",M11="Оплачено"),"Да","Нет"))
A12: =IF(B12="","",ROW()-4) | G12: =IF(F12="","",DATEDIF(F12,Сводка!$C$5,"Y")) | L12: =IF(OR(B12="",Сводка!$C$4=""),"",Сводка!$C$4-K12) | M12: =IF(OR(B12="",Сводка!$C$4=""),"",IF(K12>=Сводка!$C$4,"Оплачено",IF(K12>0,"Частично","Не оплачено"))) | N12: =IF(B12="","",IF(AND(LEN(H12)=12,I12="Да",J12="Да",M12="Оплачено"),"Да","Нет"))
A13: =IF(B13="","",ROW()-4) | G13: =IF(F13="","",DATEDIF(F13,Сводка!$C$5,"Y")) | L13: =IF(OR(B13="",Сводка!$C$4=""),"",Сводка!$C$4-K13) | M13: =IF(OR(B13="",Сводка!$C$4=""),"",IF(K13>=Сводка!$C$4,"Оплачено",IF(K13>0,"Частично","Не оплачено"))) | N13: =IF(B13="","",IF(AND(LEN(H13)=12,I13="Да",J13="Да",M13="Оплачено"),"Да","Нет"))
A14: =IF(B14="","",ROW()-4) | G14: =IF(F14="","",DATEDIF(F14,Сводка!$C$5,"Y")) | L14: =IF(OR(B14="",Сводка!$C$4=""),"",Сводка!$C$4-K14) | M14: =IF(OR(B14="",Сводка!$C$4=""),"",IF(K14>=Сводка!$C$4,"Оплачено",IF(K14>0,"Частично","Не оплачено"))) | N14: =IF(B14="","",IF(AND(LEN(H14)=12,I14="Да",J14="Да",M14="Оплачено"),"Да","Нет"))
A15: =IF(B15="","",ROW()-4) | G15: =IF(F15="","",DATEDIF(F15,Сводка!$C$5,"Y")) | L15: =IF(OR(B15="",Сводка!$C$4=""),"",Сводка!$C$4-K15) | M15: =IF(OR(B15="",Сводка!$C$4=""),"",IF(K15>=Сводка!$C$4,"Оплачено",IF(K15>0,"Частично","Не оплачено"))) | N15: =IF(B15="","",IF(AND(LEN(H15)=12,I15="Да",J15="Да",M15="Оплачено"),"Да","Нет"))
A16: =IF(B16="","",ROW()-4) | G16: =IF(F16="","",DATEDIF(F16,Сводка!$C$5,"Y")) | L16: =IF(OR(B16="",Сводка!$C$4=""),"",Сводка!$C$4-K16) | M16: =IF(OR(B16="",Сводка!$C$4=""),"",IF(K16>=Сводка!$C$4,"Оплачено",IF(K16>0,"Частично","Не оплачено"))) | N16: =IF(B16="","",IF(AND(LEN(H16)=12,I16="Да",J16="Да",M16="Оплачено"),"Да","Нет"))
... A104: =IF(B104="","",ROW()-4) | G104: =IF(F104="","",DATEDIF(F104,Сводка!$C$5,"Y")) | L104: =IF(OR(B104="",Сводка!$C$4=""),"",Сводка!$C$4-K104) | M104: =IF(OR(B104="",Сводка!$C$4=""),"",IF(K104>=Сводка!$C$4,"Оплачено",IF(K104>0,"Частично","Не оплачено"))) | N104: =IF(B104="","",IF(AND(LEN(H104)=12,I104="Да",J104="Да",M104="Оплачено"),"Да","Нет"))

Sheet Сводка
B1: Поездка в Астану: посещение университетов, 27–28 октября 2026
B3: Настройки
B4: Стоимость поездки на одного ученика, тг
B5: Дата выезда | C5: 46322
B7: Итоги
B8: Учеников в списке | C8: =COUNTA(Ученики!$B$5:$B$104) -> 0
B9: Согласие родителей получено | C9: =COUNTIF(Ученики!$I$5:$I$104,"Да") -> 0
B10: Мед. справка сдана | C10: =COUNTIF(Ученики!$J$5:$J$104,"Да") -> 0
B11: Оплатили полностью | C11: =COUNTIF(Ученики!$M$5:$M$104,"Оплачено") -> 0
B12: Оплатили частично | C12: =COUNTIF(Ученики!$M$5:$M$104,"Частично") -> 0
B13: Не оплатили | C13: =COUNTIF(Ученики!$M$5:$M$104,"Не оплачено") -> 0
B14: Собрано, тг | C14: =SUM(Ученики!$K$5:$K$104) -> 0
B15: Ожидается всего, тг | C15: =C8*$C$4 -> 0
B16: Осталось собрать, тг | C16: =C15-C14 -> 0
B17: Полностью готовы к поездке | C17: =COUNTIF(Ученики!$N$5:$N$104,"Да") -> 0
B20: По классам
B21: Класс (впишите) | C21: Учеников | D21: Готовы
C22: =IF(B22="","",COUNTIF(Ученики!$E$5:$E$104,B22)) | D22: =IF(B22="","",COUNTIFS(Ученики!$E$5:$E$104,B22,Ученики!$N$5:$N$104,"Да"))
C23: =IF(B23="","",COUNTIF(Ученики!$E$5:$E$104,B23)) | D23: =IF(B23="","",COUNTIFS(Ученики!$E$5:$E$104,B23,Ученики!$N$5:$N$104,"Да"))
C24: =IF(B24="","",COUNTIF(Ученики!$E$5:$E$104,B24)) | D24: =IF(B24="","",COUNTIFS(Ученики!$E$5:$E$104,B24,Ученики!$N$5:$N$104,"Да"))
C25: =IF(B25="","",COUNTIF(Ученики!$E$5:$E$104,B25)) | D25: =IF(B25="","",COUNTIFS(Ученики!$E$5:$E$104,B25,Ученики!$N$5:$N$104,"Да"))
C26: =IF(B26="","",COUNTIF(Ученики!$E$5:$E$104,B26)) | D26: =IF(B26="","",COUNTIFS(Ученики!$E$5:$E$104,B26,Ученики!$N$5:$N$104,"Да"))
C27: =IF(B27="","",COUNTIF(Ученики!$E$5:$E$104,B27)) | D27: =IF(B27="","",COUNTIFS(Ученики!$E$5:$E$104,B27,Ученики!$N$5:$N$104,"Да"))
C28: =IF(B28="","",COUNTIF(Ученики!$E$5:$E$104,B28)) | D28: =IF(B28="","",COUNTIFS(Ученики!$E$5:$E$104,B28,Ученики!$N$5:$N$104,"Да"))
C29: =IF(B29="","",COUNTIF(Ученики!$E$5:$E$104,B29)) | D29: =IF(B29="","",COUNTIFS(Ученики!$E$5:$E$104,B29,Ученики!$N$5:$N$104,"Да"))

Sheet Инструкция
A1: Как заполнять
A2: 1. Лист «Ученики»: одна строка — один ученик. Заполняйте только жёлтые ячейки.
A3: 2. Серые ячейки (№, возраст, остаток, статус оплаты, «Готов к поездке») считаются сами — их не трогайте.
A4: 3. ИИН вводится как 12 цифр (ячейка текстовая, ведущие нули сохраняются). Нужен для билетов и заселения.
A5: 4. «Согласие родителей» и «Мед. справка» — выбор из списка Да / Нет.
A6: 5. Когда станет известна стоимость поездки, впишите её на листе «Сводка» в ячейку C4 — статусы оплаты пересчитаются.
A7: 6. «Готов к поездке» = Да, только если есть ИИН из 12 цифр, согласие, справка и полная оплата.
A8: 7. На листе «Сводка» в таблице «По классам» впишите классы точно так же, как в списке (например, 11 «А»).
A10: Пример заполненной строки (вымышленный ученик, в список не переносить)
A12: Фамилия | B12: Имя | C12: Отчество | D12: Класс | E12: Дата рождения | F12: ИИН | G12: Согласие | H12: Справка | I12: Оплачено, тг | J12: Примечание
A13: Иванов | B13: Арман | C13: Серикович | D13: 11 «А» | E13: 39886 | F13: 090314500123 | G13: Да | H13: Да | I13: 45000 | J13: Вегетарианец
A15: Важно: файл с ИИН — персональные данные. Не выкладывайте заполненный список в общий доступ и в репозиторий.
